{
  "dstar-2": 0.3333333333333333,
  "dstar-3": 0.3333333333333333,
  "dstar-4": 0.3333333333333333,
  "dstar-5": 0.3333333333333333,
  "ochiai": 1,
  "tarantula": 1
}