{
  "dstar-0": 0.3333333333333333,
  "dstar-1": 0.3333333333333333,
  "dstar-2": 0.3333333333333333,
  "dstar-3": 0.3333333333333333,
  "dstar-4": 0.3333333333333333,
  "dstar-5": 0.3333333333333333,
  "ochiai": 0.3333333333333333,
  "tarantula": 0.3333333333333333,
  "barinel": 0.3333333333333333,
  "op2": 0.3333333333333333
}