{
  "dstar-0": 0.37142857142857144,
  "dstar-1": 0.37142857142857144,
  "dstar-2": 0.37142857142857144,
  "dstar-3": 0.37142857142857144,
  "dstar-4": 0.37142857142857144,
  "dstar-5": 0.37142857142857144,
  "ochiai": 0.37142857142857144,
  "tarantula": 0.37142857142857144,
  "barinel": 0.37142857142857144,
  "op2": 0.37142857142857144
}