{
  "dstar-0": 0.047619047619047616,
  "dstar-1": 0.047619047619047616,
  "dstar-2": 0.047619047619047616,
  "dstar-3": 0.047619047619047616,
  "dstar-4": 0.047619047619047616,
  "dstar-5": 0.047619047619047616,
  "ochiai": 0.047619047619047616,
  "tarantula": 0.047619047619047616,
  "barinel": 0.047619047619047616,
  "op2": 0.047619047619047616
}