{
  "dstar-0": 0.9571428571428572,
  "dstar-1": 0.9571428571428572,
  "dstar-2": 0.9571428571428572,
  "dstar-3": 0.9571428571428572,
  "dstar-4": 0.9571428571428572,
  "dstar-5": 0.9571428571428572,
  "ochiai": 0.9571428571428572,
  "tarantula": 0.9571428571428572,
  "barinel": 0.9571428571428572,
  "op2": 0.9571428571428572
}