{
  "dstar-0": 0.4380952380952381,
  "dstar-1": 0.4380952380952381,
  "dstar-2": 0.4380952380952381,
  "dstar-3": 0.4380952380952381,
  "dstar-4": 0.4380952380952381,
  "dstar-5": 0.4380952380952381,
  "ochiai": 0.4380952380952381,
  "tarantula": 0.4380952380952381,
  "barinel": 0.4380952380952381,
  "op2": 0.4380952380952381
}