{
  "dstar-1": 0.41509433962264153,
  "dstar-2": 0.36792452830188677,
  "dstar-3": 0.36792452830188677,
  "dstar-4": 0.36792452830188677,
  "dstar-5": 0.36792452830188677,
  "ochiai": 0.36792452830188677,
  "tarantula": 0.6839622641509434,
  "barinel": 0.6839622641509434,
  "op2": 0.36792452830188677
}