{
  "dstar-0": 0.023809523809523808,
  "dstar-1": 0.03333333333333333,
  "dstar-2": 0.0380952380952381,
  "dstar-3": 0.26666666666666666,
  "dstar-4": 0.32857142857142857,
  "dstar-5": 0.3380952380952381,
  "ochiai": 0.06190476190476191,
  "tarantula": 0.047619047619047616,
  "barinel": 0.047619047619047616,
  "op2": 0.28095238095238095
}