{
  "dstar-0": 0.07142857142857142,
  "dstar-1": 0.07142857142857142,
  "dstar-2": 0.07142857142857142,
  "dstar-3": 0.07142857142857142,
  "dstar-4": 0.07142857142857142,
  "dstar-5": 0.07142857142857142,
  "ochiai": 0.07142857142857142,
  "tarantula": 0.07142857142857142,
  "barinel": 0.07142857142857142,
  "op2": 0.07142857142857142
}