{
  "dstar-1": 0.6666666666666666,
  "dstar-2": 0.6666666666666666,
  "dstar-3": 0.6666666666666666,
  "dstar-4": 0.6666666666666666,
  "dstar-5": 0.6666666666666666,
  "ochiai": 0.6666666666666666,
  "tarantula": 0.6666666666666666,
  "barinel": 0.6666666666666666,
  "op2": 0.6666666666666666
}