{
  "@fault/sbfl-dstar": 0.6666666666666666,
  "@fault/sbfl-ochiai": 0.6666666666666666,
  "@fault/sbfl-tarantula": 0.6666666666666666
}