{
  "@fault/sbfl-dstar": 0.8333333333333334,
  "@fault/sbfl-ochiai": 0.8333333333333334,
  "@fault/sbfl-tarantula": 0.8333333333333334
}