{
  "dstar-0": 0.25301204819277107,
  "dstar-1": 0.25301204819277107,
  "dstar-2": 0.25301204819277107,
  "dstar-3": 0.25301204819277107,
  "dstar-4": 0.25301204819277107,
  "dstar-5": 0.25301204819277107,
  "ochiai": 0.25301204819277107,
  "tarantula": 0.25301204819277107,
  "barinel": 0.25301204819277107,
  "op2": 0.25301204819277107
}