{
  "dstar-0": 0.12951807228915663,
  "dstar-1": 0.12951807228915663,
  "dstar-2": 0.12951807228915663,
  "dstar-3": 0.12951807228915663,
  "dstar-4": 0.12951807228915663,
  "dstar-5": 0.12951807228915663,
  "ochiai": 0.12951807228915663,
  "tarantula": 0.12951807228915663,
  "barinel": 0.12951807228915663,
  "op2": 0.12951807228915663
}