{
  "dstar-0": 0.1064516129032258,
  "dstar-1": 0.1064516129032258,
  "dstar-2": 0.1064516129032258,
  "dstar-3": 0.1064516129032258,
  "dstar-4": 0.1064516129032258,
  "dstar-5": 0.1064516129032258,
  "ochiai": 0.1064516129032258,
  "tarantula": 0.1064516129032258,
  "barinel": 0.1064516129032258,
  "op2": 0.1064516129032258
}