{
  "dstar-1": 0.4967741935483871,
  "dstar-2": 0.5419354838709678,
  "dstar-3": 0.5387096774193548,
  "dstar-4": 0.5387096774193548,
  "dstar-5": 0.5387096774193548,
  "ochiai": 0.43870967741935485,
  "tarantula": 0.4935483870967742,
  "barinel": 0.4935483870967742,
  "op2": 0.5387096774193548
}