{
  "dstar-0": 0.8912386706948641,
  "dstar-1": 0.8912386706948641,
  "dstar-2": 0.8912386706948641,
  "dstar-3": 0.8398791540785498,
  "dstar-4": 0.8398791540785498,
  "dstar-5": 0.8398791540785498,
  "ochiai": 0.8912386706948641,
  "tarantula": 0.8912386706948641,
  "barinel": 0.8912386706948641,
  "op2": 0.8398791540785498
}