{
  "dstar-0": 0.4028436018957346,
  "dstar-1": 0.4028436018957346,
  "dstar-2": 0.4028436018957346,
  "dstar-3": 0.4028436018957346,
  "dstar-4": 0.4028436018957346,
  "dstar-5": 0.4028436018957346,
  "ochiai": 0.4028436018957346,
  "tarantula": 0.4028436018957346,
  "barinel": 0.4028436018957346,
  "op2": 0.4028436018957346
}