{
  "dstar-0": 0.2559241706161137,
  "dstar-1": 0.2559241706161137,
  "dstar-2": 0.2559241706161137,
  "dstar-3": 0.2559241706161137,
  "dstar-4": 0.2559241706161137,
  "dstar-5": 0.2559241706161137,
  "ochiai": 0.2559241706161137,
  "tarantula": 0.2559241706161137,
  "barinel": 0.2559241706161137,
  "op2": 0.2559241706161137
}