{
  "dstar-0": 0.32701421800947866,
  "dstar-1": 0.32701421800947866,
  "dstar-2": 0.32701421800947866,
  "dstar-3": 0.32701421800947866,
  "dstar-4": 0.32701421800947866,
  "dstar-5": 0.32701421800947866,
  "ochiai": 0.32701421800947866,
  "tarantula": 0.32701421800947866,
  "barinel": 0.32701421800947866,
  "op2": 0.32701421800947866
}