{
  "dstar-0": 0.9478672985781991,
  "dstar-1": 0.9478672985781991,
  "dstar-2": 0.9478672985781991,
  "dstar-3": 0.9478672985781991,
  "dstar-4": 0.9478672985781991,
  "dstar-5": 0.9478672985781991,
  "ochiai": 0.9478672985781991,
  "tarantula": 0.9478672985781991,
  "barinel": 0.9478672985781991,
  "op2": 0.9478672985781991
}