{
  "dstar-1": 0.431924882629108,
  "dstar-2": 0.539906103286385,
  "dstar-3": 0.596244131455399,
  "dstar-4": 0.6009389671361502,
  "dstar-5": 0.6009389671361502,
  "ochiai": 0.5352112676056338,
  "tarantula": 0.40375586854460094,
  "barinel": 0.40375586854460094,
  "op2": 0.5774647887323944
}