{
  "dstar-0": 0.9004739336492891,
  "dstar-1": 0.6350710900473934,
  "dstar-2": 0.23696682464454977,
  "dstar-3": 0.23696682464454977,
  "dstar-4": 0.23696682464454977,
  "dstar-5": 0.23696682464454977,
  "ochiai": 0.5071090047393365,
  "tarantula": 0.7109004739336493,
  "barinel": 0.6824644549763034,
  "op2": 0.3222748815165877
}