{
  "dstar-0": 0.24644549763033174,
  "dstar-1": 0.24644549763033174,
  "dstar-2": 0.24644549763033174,
  "dstar-3": 0.24644549763033174,
  "dstar-4": 0.24644549763033174,
  "dstar-5": 0.24644549763033174,
  "ochiai": 0.24644549763033174,
  "tarantula": 0.24644549763033174,
  "barinel": 0.24644549763033174,
  "op2": 0.24644549763033174
}