{
  "dstar-0": 0.03428571428571429,
  "dstar-1": 0.05333333333333334,
  "dstar-2": 0.05333333333333334,
  "dstar-3": 0.05333333333333334,
  "dstar-4": 0.05333333333333334,
  "dstar-5": 0.05333333333333334,
  "ochiai": 0.045714285714285714,
  "tarantula": 0.7676190476190476,
  "barinel": 0.7676190476190476,
  "op2": 0.05333333333333334
}