{
  "dstar-0": 0.8914835164835165,
  "dstar-1": 0.5906593406593407,
  "dstar-2": 0.5247252747252747,
  "dstar-3": 0.4958791208791209,
  "dstar-4": 0.4945054945054945,
  "dstar-5": 0.4642857142857143,
  "ochiai": 0.5824175824175825,
  "tarantula": 0.592032967032967,
  "barinel": 0.592032967032967,
  "op2": 0.33791208791208793
}