{
  "dstar-2": 0.8888888888888888,
  "dstar-3": 0.8888888888888888,
  "dstar-4": 0.8888888888888888,
  "dstar-5": 0.8888888888888888,
  "ochiai": 0.8888888888888888,
  "tarantula": 0.8888888888888888,
  "barinel": 0.8888888888888888,
  "op2": 0.8888888888888888
}