{
  "dstar-0": 0.24742268041237114,
  "dstar-1": 0.24742268041237114,
  "dstar-2": 0.24742268041237114,
  "dstar-3": 0.24742268041237114,
  "dstar-4": 0.24742268041237114,
  "dstar-5": 0.24742268041237114,
  "ochiai": 0.24742268041237114,
  "tarantula": 0.24742268041237114,
  "barinel": 0.24742268041237114,
  "op2": 0.24742268041237114
}