{
  "dstar-0": 0.7972508591065293,
  "dstar-1": 0.7972508591065293,
  "dstar-2": 0.7972508591065293,
  "dstar-3": 0.7972508591065293,
  "dstar-4": 0.7972508591065293,
  "dstar-5": 0.7972508591065293,
  "ochiai": 0.7972508591065293,
  "tarantula": 0.7972508591065293,
  "barinel": 0.7972508591065293,
  "op2": 0.7972508591065293
}