{
  "dstar-1": 0.9863945578231292,
  "dstar-2": 0.9829931972789115,
  "dstar-3": 0.9829931972789115,
  "dstar-4": 0.9829931972789115,
  "dstar-5": 0.9829931972789115,
  "ochiai": 0.9863945578231292,
  "tarantula": 0.9931972789115646,
  "barinel": 0.9931972789115646,
  "op2": 0.9829931972789115
}