{
  "dstar-0": 0.28620689655172415,
  "dstar-1": 0.28620689655172415,
  "dstar-2": 0.28620689655172415,
  "dstar-3": 0.28620689655172415,
  "dstar-4": 0.28620689655172415,
  "dstar-5": 0.28620689655172415,
  "ochiai": 0.28620689655172415,
  "tarantula": 0.28620689655172415,
  "barinel": 0.28620689655172415,
  "op2": 0.28620689655172415
}